"Fecha","coin","goog","ppta","soxx","ual"
2021-04-15,322.75,114.83,6.96,147.92,56.12
2021-04-16,342,114.89,6.96,147.23,55.87
2021-04-19,333,115.12,7.12,143.36,54.99
2021-04-20,320.82,114.68,7,141.31,50.3
2021-04-21,311.92,114.66,7.21,145.02,51.86
2021-04-22,293.45,113.4,7.22,141.86,51.03
2021-04-23,291.6,115.77,7.36,144.45,53.11
2021-04-26,304.54,116.34,7.5,147.1,53.78
2021-04-27,302,115.36,7.4,145.99,53.48
2021-04-28,298.05,119,7.45,143.78,53.55
2021-04-29,294.77,121.49,7.48,144.71,53.69
2021-04-30,297.64,120.51,7.69,140.68,54.4
2021-05-03,294.21,119.76,7.72,139.21,54.46
2021-05-04,280.66,117.71,7.62,136.87,52.8
2021-05-05,273,117.84,7.75,137.72,53.27
2021-05-06,256.76,119.07,7.82,138.85,53.05
2021-05-07,263.7,119.93,8.75,140.76,54.73
2021-05-10,293.45,117.08,8.59,134.5,54.03
2021-05-11,303,115.44,8.24,134.68,52.7
2021-05-12,283.61,111.95,7.84,129.19,51.01
2021-05-13,265.1,113.1,7.8,130.84,52.43
2021-05-14,258.37,115.81,7.84,134.89,55.28
2021-05-17,248.24,116.07,8.21,133.71,56.57
2021-05-18,239,115.17,8.56,132.64,56.38
2021-05-19,224.8,115.44,8.45,135.22,55.79
2021-05-20,233.4,117.8,8.69,138.78,55.09
2021-05-21,224.35,117.25,8.36,138.01,55.3
2021-05-24,225.3,120.33,8.49,141.5,56.14
2021-05-25,242.41,120.45,8.08,141.92,56.98
2021-05-26,241.52,121.68,7.91,142.3,58.01
2021-05-27,247.09,120.13,7.67,142.9,59.13
2021-05-28,236.54,120.58,7.72,144.23,58.35
2021-06-01,238.93,121.49,7.99,143.82,59.67
2021-06-02,240.48,121.06,7.92,144.7,60.29
2021-06-03,233.66,120.23,7.43,142.21,57.73
2021-06-04,228.79,122.59,7.51,145.67,56.93
2021-06-07,231.45,123.3,8.19,144.53,57.3
2021-06-08,220.66,124.14,8.23,143.71,57.73
2021-06-09,224.32,124.57,8.24,143,57.23
2021-06-10,221.85,126.08,8.34,144.47,56.26
2021-06-11,223.92,125.7,8.61,145.2,56.52
2021-06-14,239.1,126.35,8.75,147.26,55.74
2021-06-15,232.21,126.03,9.17,146.06,55.29
2021-06-16,228.05,125.7,9.33,144.68,55.6
2021-06-17,230.66,126.37,8.77,146.24,54.24
2021-06-18,229.29,125.57,8.9,142.74,54.92
2021-06-21,222.6,126.45,8.6,143.27,55.69
2021-06-22,222.47,127,8.63,143.95,55.17
2021-06-23,226.01,126.46,8.52,144.55,55.12
2021-06-24,229.93,127.28,8.73,147,54.34
2021-06-25,224.54,127,8.57,146.6,53.88
2021-06-28,246.69,126.82,7.6,150.1,52.49
2021-06-29,254.9,126.02,7.58,151.28,52.15
2021-06-30,253.3,125.32,7.3,151.41,52.29
2021-07-01,241.44,126.37,7.67,149.24,53.08
2021-07-02,240.72,128.72,7.45,150.15,52.77
2021-07-06,235.41,129.77,6.73,149.89,51.44
2021-07-07,251.97,130.08,6.4,147.62,50.3
2021-07-08,244.29,129.18,6.38,145.72,49.66
2021-07-09,253.88,129.57,6.65,148.1,51.1
2021-07-12,247.67,130.56,6.5,150,50.62
2021-07-13,243.31,130.99,6.87,149.4,48.5
2021-07-14,229.94,132.08,6.96,148.71,48.16
2021-07-15,224.63,131.27,6.69,145.41,47.71
2021-07-16,225.01,131.85,6.56,142.25,46.01
2021-07-19,220.61,129.25,6.38,142.11,43.46
2021-07-20,224.96,131.1,6.38,144.04,46.32
2021-07-21,230.87,132.6,6.42,148.47,48.1
2021-07-22,226.08,133.33,6.12,147.59,47.95
2021-07-23,224.92,137.82,5.8,148.34,47.53
2021-07-26,245.45,139.64,5.66,148.39,49.46
2021-07-27,235.08,136.8,5.57,145.67,48.65
2021-07-28,241.75,136.38,5.58,148.05,49.14
2021-07-29,235.78,136.54,5.68,151.07,48.49
2021-07-30,236.58,135.22,5.69,152.3,46.72
2021-08-02,235.4,135.99,5.93,153.27,46.07
2021-08-03,230.18,136.28,5.48,154.43,46.54
2021-08-04,244.36,136.03,5.45,156.01,45.28
2021-08-05,255.5,136.94,5.42,156.03,47.24
2021-08-06,258.26,137.04,5.43,155.26,47.62
2021-08-09,280.47,138,5.25,154.73,46.45
2021-08-10,269.67,138.1,5.49,152.93,47.68
2021-08-11,278.4,137.69,5.66,152.41,48.21
2021-08-12,256.5,138.39,5.72,150.77,47.24
2021-08-13,261.25,138.41,5.26,151.72,46.49
2021-08-16,256.83,138.92,5.25,151.16,46.3
2021-08-17,250.8,137.3,5.34,148.23,45.29
2021-08-18,244.39,136.57,5.28,146.27,45.04
2021-08-19,248.24,136.91,5.26,147.47,43.93
2021-08-20,257.32,138.44,5.26,148.58,44.03
2021-08-23,256,141.1,5.27,152.76,45.53
2021-08-24,259.28,142.4,5.37,152.76,47.12
2021-08-25,256.77,142.95,5.38,153.92,47.59
2021-08-26,248.54,142.12,5.22,154.07,47.01
2021-08-27,259.12,144.55,5.19,157.01,47.71
2021-08-30,262.66,145.47,4.96,157.32,45.91
2021-08-31,259,145.46,5.07,156.06,46.51
2021-09-01,265.9,145.84,5.21,155.21,46.19
2021-09-02,268.18,144.22,5.16,155.79,46.76
2021-09-03,278.44,144.78,5.14,156.96,46.22
2021-09-07,266.81,145.52,5.12,156.38,46.57
2021-09-08,258.2,144.88,5.05,154.38,45.53
2021-09-09,256.42,144.91,5.11,154.92,46.58
2021-09-10,248.32,141.92,5.03,156.15,44.34
2021-09-13,242.84,143.47,4.97,157.65,44.84
2021-09-14,243,143.41,4.82,157.66,43.87
2021-09-15,247.07,145.21,4.97,158.56,43.86
2021-09-16,243.21,144.37,4.9,158.87,44.47
2021-09-17,245.19,141.46,4.82,156.33,44.54
2021-09-20,236.53,139.02,4.73,152.46,45.27
2021-09-21,238.46,139.65,4.93,152.91,44.45
2021-09-22,241.85,140.94,5.02,156.09,45.68
2021-09-23,237.5,141.83,5.17,158.17,47.47
2021-09-24,231.82,142.63,5.04,157.6,48.79
2021-09-27,232.24,141.5,5.09,157.22,49.08
2021-09-28,229.84,136.18,4.94,151.07,48.68
2021-09-29,225.28,134.52,4.85,148.68,48.71
2021-09-30,227.48,133.27,4.98,148.62,47.57
2021-10-01,231.15,136.46,5.15,148.72,51.34
2021-10-04,229.31,133.76,5.06,144.89,51.3
2021-10-05,240.09,136.18,4.93,147.08,50.88
2021-10-06,250.38,137.35,4.8,147.66,50.22
2021-10-07,251.59,139.19,4.79,149.38,49.52
2021-10-08,248.14,140.06,4.7,147.85,49.16
2021-10-11,256.5,138.85,4.71,146.86,49.18
2021-10-12,249.33,136.71,4.93,145.03,49.67
2021-10-13,246.78,137.9,5.08,145.87,47.88
2021-10-14,260,141.41,5.1,150.39,47.91
2021-10-15,280.61,141.68,4.99,151.4,48
2021-10-18,293.34,142.96,4.78,152.62,47.17
2021-10-19,305.63,143.82,4.83,154.49,46.22
2021-10-20,314.71,142.41,4.92,154.17,45.95
2021-10-21,300.01,142.78,4.83,155.72,46.72
2021-10-22,300.84,138.62,4.8,153.97,46.73
2021-10-25,325.54,138.77,4.92,155.03,46.65
2021-10-26,319.49,139.67,4.83,155.15,46.79
2021-10-27,311.67,146.43,4.84,154.03,45.82
2021-10-28,319.13,146.13,4.89,157.51,46.01
2021-10-29,319.42,148.27,4.76,158.21,46.14
2021-11-01,330.99,143.77,4.67,160.79,48.05
2021-11-02,336.34,145.86,4.48,162.79,47.98
2021-11-03,344.38,146.79,4.61,164.67,49.05
2021-11-04,344.45,148.68,4.54,170.21,49.14
2021-11-05,337.05,149.24,4.75,172.1,52.71
2021-11-08,353.92,149.35,4.77,174.42,53.11
2021-11-09,357.39,149.25,4.87,174.42,52.81
2021-11-10,328.6,146.63,4.94,169.28,51.77
2021-11-11,336.39,146.75,5.17,172.86,51.34
2021-11-12,342.98,149.65,5.39,174.55,49.83
2021-11-15,345.36,149.39,5.66,174.42,50.48
2021-11-16,342.12,149.08,5.66,177.03,49.2
2021-11-17,346.52,149.06,5.79,175.8,48.74
2021-11-18,323.57,150.71,5.77,178.74,47.43
2021-11-19,332.55,149.95,5.54,179.24,46.11
2021-11-22,315.48,147.08,5.36,176.64,46.48
2021-11-23,317.2,146.76,5.09,175.93,46.7
2021-11-24,312.38,146.72,5.32,177.86,46.73
2021-11-26,303.19,142.81,4.87,172.91,42.26
2021-11-29,319.39,146.11,5.21,179.56,42.54
2021-11-30,315,142.45,5.05,176.41,42.26
2021-12-01,294.5,141.62,4.89,175,39.06
2021-12-02,284.71,143.78,4.96,175.26,41.64
2021-12-03,265.65,142.52,4.75,174.81,40.61
2021-12-06,263.24,143.8,4.74,174.59,43.99
2021-12-07,286.42,148.04,4.98,183.4,43.41
2021-12-08,287.48,148.72,4.74,182.21,45.25
2021-12-09,263.91,148.11,4.8,178.02,44.44
2021-12-10,255.76,148.68,4.69,179.7,44.05
2021-12-13,251.37,146.7,4.66,174.63,41.74
2021-12-14,255.86,144.97,4.31,173.79,41.38
2021-12-15,258.3,147.37,4.25,180.17,41.5
2021-12-16,247.17,144.84,4.42,172.31,40.05
2021-12-17,243.35,142.8,4.11,171.9,40.78
2021-12-20,238.05,142.4,4.18,170.55,41.1
2021-12-21,247.69,144.22,4.29,176.71,43.93
2021-12-22,254.55,146.95,4.42,178.54,44.57
2021-12-23,268.15,147.14,4.55,180.27,44.87
2021-12-27,280.27,148.06,4.38,185.21,44.58
2021-12-28,261.33,146.45,4.43,183.17,45.27
2021-12-29,252.6,146.5,4.23,183.45,44.43
2021-12-30,256.79,146,4.45,181.32,44.13
2021-12-31,252.37,144.68,4.75,180.77,43.78
2022-01-03,251.05,145.07,4.795,184.37,45.49
2022-01-04,250.15,144.42,4.87,183.8,46.25
2022-01-05,234.23,137.65,4.55,177.56,45.78
2022-01-06,234,137.55,4.5,178.94,45.77
2022-01-07,232.33,137,4.54,173.75,47.31
2022-01-10,225.01,138.57,4.29,173.81,46.58
2022-01-11,237.23,140.02,4.37,177.08,46.9
2022-01-12,234.7,141.65,4.3,178.38,46.54
2022-01-13,228.23,139.13,4.22,174.22,48.17
2022-01-14,230.03,139.79,4.17,178.39,46.74
2022-01-18,222,136.29,4.11,170.41,45.61
2022-01-19,219.5,135.65,4.31,165.4,44.4
2022-01-20,221.62,133.51,4.1,160.21,42.88
2022-01-21,191.97,130.09,3.85,157.55,41.65
2022-01-24,191.48,130.37,3.879,159.35,41.39
2022-01-25,185.63,126.74,3.9,153.4,41.78
2022-01-26,178.64,129.24,3.68,155.76,41.43
2022-01-27,170.2,129.12,3.44,148.82,40.93
2022-01-28,177.58,133.29,3.44,151.68,40.91
2022-01-31,190.15,135.7,3.68,159.82,42.88
2022-02-01,197.73,137.88,3.608,161.15,43.96
2022-02-02,187.37,148.04,3.53,165.22,44.12
2022-02-03,181.31,142.65,3.5,158.03,43.08
2022-02-04,194.44,143.02,3.38,158.94,42.82
2022-02-07,205.74,138.94,3.56,158.85,44.44
2022-02-08,208.73,139.21,3.58,162.87,46.83
2022-02-09,214.5,141.45,3.49,168.21,48.93
2022-02-10,204.77,138.6,3.36,162.97,49.24
2022-02-11,194.53,134.13,3.53,154.67,46.97
2022-02-14,195.25,135.3,3.49,154.82,46.93
2022-02-15,208.95,136.43,3.42,163.36,50.48
2022-02-16,207.96,137.49,3.57,163.42,50.21
2022-02-17,191.92,132.31,3.66,157.28,48.36
2022-02-18,189.16,130.47,3.54,155.52,47.43
2022-02-22,176.76,129.4,3.36,154.58,46.32
2022-02-23,172.74,127.58,3.34,150.89,43.85
2022-02-24,179.56,132.67,3.37,156.41,44.06
2022-02-25,176.83,134.52,3.6,159.02,45.85
2022-02-28,190.77,134.89,3.6,158.05,44.4
2022-03-01,196.17,134.17,3.7,152.32,41.85
2022-03-02,194.5,134.75,4,157.17,42.42
2022-03-03,178.03,134.31,3.73,153.87,40.37
2022-03-04,165.75,132.12,4.03,149.79,36.71
2022-03-07,161.14,126.46,4.28,142.27,31.2
2022-03-08,161.99,127.28,4.72,145,32.24
2022-03-09,178.97,133.87,4.7,151.08,34.9
2022-03-10,172.97,132.68,4.7,147.98,35.2
2022-03-11,160.07,130.48,4.52,144.8,34.87
2022-03-14,153.19,126.74,4,140.11,35.02
2022-03-15,155.98,129.66,3.99,146.55,38.24
2022-03-16,172.53,133.69,4.03,154.1,41.19
2022-03-17,177.22,134.6,4.5,155.05,41.42
2022-03-18,185.94,136.8,4.59,158.08,42.35
2022-03-21,176.81,136.48,4.66,157.76,40.85
2022-03-22,186.08,140.28,4.51,158.64,42.2
2022-03-23,183.11,138.5,4.47,154.64,41.53
2022-03-24,190.19,141.31,4.42,162.14,42.78
2022-03-25,186.71,141.52,4.32,161.77,43.18
2022-03-28,201.41,141.95,4.19,163.03,43.86
2022-03-29,204.53,143.25,4.38,166.77,45.67
2022-03-30,196.7,142.64,4.16,161.43,45.86
2022-03-31,189.86,139.65,4.1,157.76,46.36
2022-04-01,186.96,140.7,4.12,154.7,45.78
2022-04-04,191.65,143.64,4.2,157.22,45.53
2022-04-05,177.17,141.06,4.12,149.98,44.71
2022-04-06,166.84,137.18,4.18,146.25,43.07
2022-04-07,166.19,136.46,4.21,146.57,42.4
2022-04-08,160.94,134.01,4.35,142.93,41.96
2022-04-11,153.87,129.8,4.41,140,42.42
2022-04-12,149.85,128.37,4.46,139.57,42.73
2022-04-13,154.79,130.29,4.38,142.57,45.14
2022-04-14,147.29,127.25,4.57,138.63,45.13
2022-04-18,145.16,127.96,4.2,141.03,43.97
2022-04-19,151.27,130.53,4.13,144.12,45.95
2022-04-20,147.13,128.25,3.97,143.8,46.52
2022-04-21,137.32,124.94,3.83,139.96,50.85
2022-04-22,131.52,119.61,4.01,136.85,51.46
2022-04-25,135.14,123.25,3.87,139.16,51.3
2022-04-26,127.15,119.51,3.64,132.99,48.86
2022-04-27,122.55,115.02,3.61,132.27,50.28
2022-04-28,122.69,119.41,3.6,139.56,51.82
2022-04-29,112.71,114.97,3.53,133.59,50.5
2022-05-02,121.34,117.16,3.46,138.05,50.19
2022-05-03,123.56,118.13,3.4,139.2,51.38
2022-05-04,130.15,122.57,3.59,144.6,51.9
2022-05-05,114.25,116.75,3.45,137.59,48.9
2022-05-06,103.74,115.66,3.43,136.37,47.52
2022-05-09,83.51,113.08,3.3,129.42,43.31
2022-05-10,72.99,114.58,3.32,132.37,44.12
2022-05-11,53.72,113.96,3.22,128.46,43.18
2022-05-12,58.5,113.16,3.21,129.24,41.5
2022-05-13,67.87,116.52,3.08,135.83,43.27
2022-05-16,61.7,114.79,3.01,133.77,43.54
2022-05-17,70,116.7,3.1,140.26,46.97
2022-05-18,63.03,112.4,3,133.19,44.63
2022-05-19,67.42,110.75,3.1,132.39,44.21
2022-05-20,66.15,109.31,3.09,132.32,43.55
2022-05-23,66.1,111.67,3.19,132.89,44.76
2022-05-24,61.36,105.93,3.38,129.65,41.57
2022-05-25,67.17,105.84,3.37,131.98,43.08
2022-05-26,69.87,108.3,3.48,137.14,46.07
2022-05-27,75.32,112.8,3.48,142.78,48.41
2022-05-31,78.1,114.04,3.48,142.05,47.63
2022-06-01,68.63,114.14,3.22,139.79,45.49
2022-06-02,73.82,117.75,3.46,144.66,45.77
2022-06-03,66.69,114.56,3.54,140.34,44.43
2022-06-06,70.67,117.01,3.28,140.58,44.76
2022-06-07,69.57,117.23,3.56,141.7,46.45
2022-06-08,69.2,117.24,3.39,138.69,44.6
2022-06-09,63.76,114.92,3.39,134.55,42.7
2022-06-10,58.71,111.43,3.52,129.77,41.16
2022-06-13,52.01,106.88,3.44,122.28,37.02
2022-06-14,51.58,107.19,3.47,122.96,36.99
2022-06-15,55.01,110.39,3.51,125.07,37.89
2022-06-16,51.05,106.64,3.51,117.54,34.78
2022-06-17,51.22,107.87,3.32,118.01,36.28
2022-06-21,57.49,112.01,3.33,121.1,36.5
2022-06-22,51.91,112.03,3.31,119.84,36.72
2022-06-23,58.88,112.68,3.4,119.03,35.81
2022-06-24,62.71,118.54,3.82,124.3,38.51
2022-06-27,55.96,116.62,3.69,123.96,37.2
2022-06-28,51.18,112.57,3.37,120.94,36.97
2022-06-29,49.75,112.26,3.23,118.08,35.68
2022-06-30,47.02,109.37,3.31,116.54,35.42
2022-07-01,49.04,109.08,3.18,112.41,36.44
2022-07-05,55.41,113.89,3.04,113.3,36.97
2022-07-06,51.71,115.21,2.8,113.85,36.66
2022-07-07,57.46,119.31,2.85,118.95,36.69
2022-07-08,60.29,120.17,2.8,119.52,36.47
2022-07-11,53.88,116.52,2.73,116.76,35.37
2022-07-12,54.24,114.85,2.66,117.09,38.23
2022-07-13,53.1,112.19,2.84,117.75,37.91
2022-07-14,53.42,111.44,2.8,120.25,37.85
2022-07-15,53.79,112.77,2.89,123.12,38.78
2022-07-18,58.67,109.91,2.81,122.72,39.34
2022-07-19,65.83,114.62,2.85,128.13,41.47
2022-07-20,75.27,114.7,2.81,131.4,41.68
2022-07-21,73.98,115.04,2.77,133.55,37.44
2022-07-22,70.82,108.36,2.7,130.26,36.33
2022-07-25,67.07,108.21,2.73,129.43,36.34
2022-07-26,52.93,105.44,2.69,127.28,35.34
2022-07-27,58.83,113.6,2.74,133.1,36.42
2022-07-28,62.25,114.59,2.72,134.74,36.74
2022-07-29,62.96,116.64,2.76,135.78,36.75
2022-08-01,62.7,115.48,2.73,136.3,37.69
2022-08-02,67.23,115.9,2.69,136.04,37.23
2022-08-03,80.81,118.78,2.75,139.82,38.63
2022-08-04,88.9,118.87,2.64,140.83,38.63
2022-08-05,93.05,118.22,2.63,139.73,37.82
2022-08-08,98.02,118.14,2.64,137.62,38.65
2022-08-09,87.68,117.5,2.59,131.31,37.8
2022-08-10,94.14,120.65,2.68,136.76,38.69
2022-08-11,84,119.82,2.75,136.59,38.67
2022-08-12,90.49,122.65,2.79,140.58,39.34
2022-08-15,91.97,122.88,2.73,141.11,39.86
2022-08-16,90.39,122.51,2.77,139.66,40.29
2022-08-17,85.44,120.32,2.7,136.29,38.96
2022-08-18,83.47,120.86,2.65,139.4,39.06
2022-08-19,74.06,118.12,2.64,135.63,37.5
2022-08-22,71.47,115.07,2.61,130.53,36.36
2022-08-23,71.18,114.77,2.7,131.18,36.91
2022-08-24,71.48,114.7,2.67,131.51,37.39
2022-08-25,71.37,117.7,2.63,136.33,38.27
2022-08-26,66.74,111.3,2.63,128.6,36.57
2022-08-29,66.34,110.34,2.65,126,36.02
2022-08-30,67.03,109.91,2.62,124.53,35.94
2022-08-31,66.8,109.15,2.58,123.23,35.01
2022-09-01,65.53,110.55,2.51,120.94,35.18
2022-09-02,65.26,108.68,2.65,119.62,35.31
2022-09-06,62.78,107.48,2.62,118.24,36.58
2022-09-07,68.25,110.48,2.73,120.24,38.6
2022-09-08,73.08,109.42,2.78,122.26,38.88
2022-09-09,80.87,111.78,2.79,125.2,39.26
2022-09-12,82.55,111.87,2.74,125.81,39.22
2022-09-13,75.25,105.31,2.67,117.99,37.79
2022-09-14,78.7,105.87,2.55,119.33,38.43
2022-09-15,77.23,103.9,2.49,117.35,38.9
2022-09-16,74,103.63,2.5,118.06,37.48
2022-09-19,69.93,103.85,2.45,118.68,38.7
2022-09-20,67.94,101.83,2.4,117.1,38.17
2022-09-21,67.64,100.01,2.34,115.92,36.12
2022-09-22,62.94,100.57,2.25,112.76,34.45
2022-09-23,61.88,99.17,2.04,111.25,33.07
2022-09-26,62.28,98.81,1.92,108.99,31.9
2022-09-27,63.05,98.09,1.93,110.01,32.83
2022-09-28,67.31,100.74,2,111.57,33.92
2022-09-29,61.94,98.09,1.98,108.1,32.91
2022-09-30,64.49,96.15,2.02,106.24,32.53
2022-10-03,65.95,99.3,2.05,109.92,32.81
2022-10-04,74.5,102.41,2.22,115.07,35.33
2022-10-05,72.97,102.22,2.17,116.01,35.42
2022-10-06,73.91,102.24,2.14,115.55,34.96
2022-10-07,67,99.57,1.94,108.62,33.86
2022-10-10,67.04,98.71,1.81,104.92,34.2
2022-10-11,70.16,98.05,1.88,101.97,33.93
2022-10-12,69.95,98.3,1.907,100.98,34.23
2022-10-13,69.26,99.71,1.85,103.89,35.4
2022-10-14,63.59,97.18,1.75,99.56,35.47
2022-10-17,69.17,100.78,1.74,101.67,36.1
2022-10-18,66.21,101.39,1.805,102.02,37.25
2022-10-19,63.19,100.29,1.71,102.67,39.1
2022-10-20,63.59,100.53,1.7,103.31,39.05
2022-10-21,66.38,101.48,1.73,107.15,40.44
2022-10-24,66.39,102.97,1.735,107.61,41.88
2022-10-25,75.05,104.93,1.77,110.07,42.6
2022-10-26,73.81,94.82,1.77,108.99,42.45
2022-10-27,72.47,92.6,1.78,107.05,42.99
2022-10-28,72.07,96.58,2.1,111.25,43.72
2022-10-31,66.25,94.66,2.35,108.83,43.08
2022-11-01,63.29,90.5,2.31,109.7,42.66
2022-11-02,60.71,87.07,2.14,106.24,41.11
2022-11-03,55.8,83.49,2.05,104.82,40.95
2022-11-04,58.82,86.7,2.35,109.67,42.62
2022-11-07,56.97,88.65,2.44,112.04,42.78
2022-11-08,50.83,88.91,2.35,114.5,42.18
2022-11-09,45.98,87.4,2.25,110.84,42.37
2022-11-10,50.92,94.17,2.4,122.31,44.33
2022-11-11,57.46,96.73,2.61,126.06,44.71
2022-11-14,53.22,96.03,2.43,124.68,44.03
2022-11-15,55.53,98.72,2.38,128.29,44.04
2022-11-16,48.83,98.99,2.38,122.99,43.29
2022-11-17,48.79,98.5,2.27,123.96,43.25
2022-11-18,45.26,97.8,2.18,124.23,43.82
2022-11-21,41.23,95.83,2.15,122.17,43.43
2022-11-22,43.39,97.33,2.25,125.81,43.43
2022-11-23,45.57,98.82,2.21,127.33,43.69
2022-11-25,44.28,97.6,2.17,125.64,44.42
2022-11-28,42.51,96.25,2.11,122.5,43.02
2022-11-29,43.11,95.44,2.05,122.02,43.69
2022-11-30,45.73,101.45,2.1,129.34,44.17
2022-12-01,45.27,101.28,2.25,128.41,43.89
2022-12-02,47.67,100.83,2.32,126.96,43.89
2022-12-05,46,99.87,2.24,125.36,45.03
2022-12-06,42.41,97.31,2.11,122.72,45.92
2022-12-07,41.26,95.15,2.13,122.46,44.06
2022-12-08,42.81,93.95,2.08,126,42.8
2022-12-09,40.24,93.07,1.85,124.83,43.04
2022-12-12,42.6,93.56,1.84,127.04,44.24
2022-12-13,38.69,95.85,2,128.86,41.17
2022-12-14,40.19,95.31,1.88,126.93,40.1
2022-12-15,37.98,91.2,1.9,121.56,38.55
2022-12-16,36.6,90.86,1.88,120.64,38.43
2022-12-19,35.17,89.15,2.23,119.15,37.98
2022-12-20,34.97,89.63,2.53,118.42,38.55
2022-12-21,35.15,90.25,2.8,121.09,39
2022-12-22,34.59,88.26,2.8,116.19,38.28
2022-12-23,35.49,89.81,2.8,116.29,38.39
2022-12-27,32.65,87.93,2.94,114.19,38.2
2022-12-28,32.53,86.46,2.84,112.51,37.29
2022-12-29,34.78,88.95,2.86,116.1,37.92
2022-12-30,35.39,88.73,2.92,115.99,37.7
2023-01-03,33.6,89.7,2.48,114.86,37.21
2023-01-04,37.7,88.71,2.8,117.82,39.72
2023-01-05,33.53,86.77,2.82,115.83,41.24
2023-01-06,33.26,88.16,2.86,121.22,42.24
2023-01-09,38.27,88.8,2.88,123.46,43.35
2023-01-10,43.23,89.24,2.92,125.05,45.75
2023-01-11,43.79,92.26,2.91,126.67,47.71
2023-01-12,47.55,91.91,3.05,128.21,51.3
2023-01-13,49.98,92.8,3.37,128.74,51.65
2023-01-17,54.14,92.16,3.47,128.88,51.2
2023-01-18,50.21,91.78,3.54,128.21,48.86
2023-01-19,49.42,93.91,3.55,124.61,48.37
2023-01-20,55.16,99.28,3.75,128.51,49.46
2023-01-23,55.96,101.21,3.71,134.96,49.28
2023-01-24,53.56,99.21,3.65,133.94,49.3
2023-01-25,52.76,96.73,3.64,134.31,50.28
2023-01-26,53.02,99.16,3.68,136.57,49.45
2023-01-27,61.37,100.71,3.56,135.7,48.73
2023-01-30,56.16,97.95,3.48,132.1,48.21
2023-01-31,58.48,99.87,3.56,134.56,48.96
2023-02-01,65.7,101.43,3.58,141.58,50.22
2023-02-02,81.46,108.8,3.6,144.86,52.31
2023-02-03,74.63,105.22,3.49,142.03,51.12
2023-02-06,74.59,103.47,3.53,139.72,50.92
2023-02-07,71.42,108.04,3.6,144.17,50.75
2023-02-08,69.44,100,3.57,141.07,50.77
2023-02-09,59.63,95.46,3.54,141.43,49.82
2023-02-10,57.09,94.86,3.42,139.18,48.86
2023-02-13,56.4,95,3.34,141.22,49.19
2023-02-14,59.03,94.95,3.24,143.79,50.06
2023-02-15,69.34,97.1,3.14,144.37,49.91
2023-02-16,65.59,95.78,3.33,140.83,48.99
2023-02-17,65.2,94.59,3.29,138.64,49.63
2023-02-21,62.07,92.05,3.18,134.15,48.2
2023-02-22,61.18,91.8,3.18,133.51,48.78
2023-02-23,62.36,91.07,3.25,137.9,50.58
2023-02-24,58.44,89.35,3.19,135.43,50.21
2023-02-27,58.96,90.1,3.25,136.14,50.7
2023-02-28,64.83,90.3,3.57,136.61,51.96
2023-03-01,64.67,90.51,3.56,136.65,52.39
2023-03-02,63.7,92.31,3.57,137.74,52.56
2023-03-03,64.51,94.02,3.64,139.86,53.06
2023-03-06,62.77,95.58,3.56,138.24,52.44
2023-03-07,61.89,94.17,3.57,136.78,54.01
2023-03-08,63.01,94.65,3.63,140.42,54.26
2023-03-09,58.09,92.66,3.59,137.63,52.12
2023-03-10,53.44,91.01,3.57,134.97,50.97
2023-03-13,59.17,91.66,3.59,135.01,48.83
2023-03-14,62.65,94.25,3.49,138.95,46.21
2023-03-15,64.47,96.55,3.57,137.33,43.14
2023-03-16,67.78,101.07,3.42,142.7,43.59
2023-03-17,74.98,102.46,3.4,141.81,43.04
2023-03-20,75.14,101.93,3.46,143.31,43.09
2023-03-21,83.99,105.84,3.32,143.6,44.26
2023-03-22,77.14,104.22,3.47,142.17,42.82
2023-03-23,66.3,106.26,3.56,145.68,41.66
2023-03-24,67.83,106.06,3.59,143.15,41.36
2023-03-27,62.54,103.06,3.78,141.47,41.94
2023-03-28,63.04,101.36,4.19,140.41,42.41
2023-03-29,65.3,101.9,4.37,144.92,43.47
2023-03-30,64.16,101.32,4.43,147.31,43.71
2023-03-31,67.57,104,4.45,148.22,44.25
2023-04-03,63.61,104.91,4.7,146.94,43.35
2023-04-04,62.54,105.12,4.75,144.2,42.54
2023-04-05,60.78,104.95,4.74,141.7,42.03
2023-04-06,61.44,108.9,4.84,140.97,42.66
2023-04-10,66.13,106.95,4.9,143.46,43.13
2023-04-11,70.19,106.12,4.95,142.71,44.32
2023-04-12,67.84,105.22,5.1,140.1,41.44
2023-04-13,68.95,108.19,5.17,141.25,41.97
2023-04-14,69.91,109.46,4.72,141.03,41.67
2023-04-17,67.72,106.42,4.61,141.03,42.38
2023-04-18,67.26,105.12,4.7,141.64,43.04
2023-04-19,64.44,105.02,4.62,140.09,46.27
2023-04-20,60.5,105.9,4.62,139.96,44.89
2023-04-21,59.04,105.91,4.62,138.94,44.45
2023-04-24,54.75,106.78,4.41,138.31,43.93
2023-04-25,55.55,104.61,4.41,133.67,42.49
2023-04-26,53.89,104.45,4.44,134.38,42.1
2023-04-27,54.17,108.37,4.55,134.95,42.83
2023-04-28,53.79,108.22,4.81,137.38,43.8
2023-05-01,50.14,107.71,4.8,138.62,44.41
2023-05-02,51.32,105.98,4.8,137.63,44.53
2023-05-03,48.49,106.12,4.96,136.05,44.48
2023-05-04,49.22,105.21,5.17,135.29,42.92
2023-05-05,58.24,106.21,5.31,138.3,44.81
2023-05-08,58.1,108.24,5.31,138.88,45.86
2023-05-09,60.21,107.94,5.28,136.52,46.36
2023-05-10,62.64,112.28,5.22,137.91,45.52
2023-05-11,60.35,116.9,5.12,137.01,45.08
2023-05-12,57.34,117.92,5.1,136.88,45.08
2023-05-15,60.77,116.96,5.08,140.6,45.2
2023-05-16,57.88,120.09,4.98,140.33,45.35
2023-05-17,61.04,121.48,5.03,143.8,47.75
2023-05-18,60.26,123.52,4.74,148.34,48.13
2023-05-19,56.78,123.25,4.79,147.58,47.54
2023-05-22,61.07,125.87,4.84,148.09,47.41
2023-05-23,59.1,123.29,5,146.26,47.87
2023-05-24,58.36,121.64,4.87,143.64,46.66
2023-05-25,56.87,124.35,4.46,153.21,47.48
2023-05-26,56.92,125.43,4.32,163.22,47.26
2023-05-30,61.17,124.64,4.36,163.09,48.01
2023-05-31,62.2,123.37,4.57,158.9,47.47
2023-06-01,63.57,124.37,4.85,161.63,47.41
2023-06-02,64.55,125.23,4.83,161.25,48.5
2023-06-05,58.71,126.63,4.74,158.76,48.26
2023-06-06,51.61,127.91,4.75,160.67,48.79
2023-06-07,53.26,122.94,4.69,160.22,49.39
2023-06-08,54.9,122.67,4.62,161.86,49.87
2023-06-09,53.28,122.87,4.51,162.29,50.42
2023-06-12,50.56,124.35,4.53,167.51,51.31
2023-06-13,52.4,124.43,4.33,169.76,53.19
2023-06-14,53.9,124.38,4.24,172.17,53.35
2023-06-15,54.25,125.79,4.17,170.74,53.58
2023-06-16,55.59,124.06,4.04,169.17,53.5
2023-06-20,57.09,123.85,3.81,167.8,52.7
2023-06-21,58.1,121.26,3.9,163.71,52.85
2023-06-22,57.49,123.87,3.94,164.47,53.05
2023-06-23,61.47,123.02,3.6,161.57,52.65
2023-06-26,61.94,119.09,3.57,162.1,53.32
2023-06-27,69.89,119.01,3.68,167.76,56.03
2023-06-28,70.75,121.08,3.45,166.47,56.3
2023-06-29,72.43,120.01,3.54,166.51,53.72
2023-06-30,71.55,120.97,3.67,169.09,54.87
2023-07-03,79.93,120.56,3.59,170.59,55.06
2023-07-05,78.35,122.63,3.59,166.82,55.63
2023-07-06,78.1,120.93,3.51,164.72,54.42
2023-07-07,78.72,120.14,3.38,164.79,55.39
2023-07-10,81.21,116.87,3.55,168.22,56.33
2023-07-11,89.15,117.71,3.58,168.22,56.18
2023-07-12,85.95,119.62,3.74,171.36,55.4
2023-07-13,107,124.83,3.7,174.9,55.23
2023-07-14,105.31,125.7,3.64,172.71,53.34
2023-07-17,105.55,125.06,3.76,176.84,53.33
2023-07-18,104.59,124.08,3.87,177.17,54.79
2023-07-19,110.15,122.78,3.74,175.07,54.8
2023-07-20,101.26,119.53,3.81,168.7,56.57
2023-07-21,100.82,120.31,3.71,170.22,57.61
2023-07-24,98.85,121.88,3.53,170.22,56.06
2023-07-25,97.68,122.79,3.62,173.08,54.22
2023-07-26,99.75,129.66,3.68,170.69,54.57
2023-07-27,92.69,129.87,3.715,173.9,53.26
2023-07-28,94.76,133.01,3.71,177.7,54.17
2023-07-31,98.61,133.11,3.78,178.43,54.31
2023-08-01,94.15,131.89,3.83,178.55,53.26
2023-08-02,90.43,128.64,3.79,171.71,52.67
2023-08-03,90.75,128.77,3.59,171.27,52.16
2023-08-04,87.31,128.54,3.53,171,52.37
2023-08-07,85.96,131.94,3.54,172.8,53.68
2023-08-08,88.04,131.84,3.54,170.05,54.86
2023-08-09,84.34,130.15,3.38,166.93,53.13
2023-08-10,83.39,130.21,3.37,166.26,52.95
2023-08-11,81.01,130.17,3.35,162.23,52.26
2023-08-14,80.81,131.83,3.27,166.91,52.31
2023-08-15,79.18,130.27,3.06,164.12,51.34
2023-08-16,79,129.11,2.76,160.95,50.72
2023-08-17,75.56,130.46,2.735,159.37,49.53
2023-08-18,73.19,128.11,2.76,160.23,49.1
2023-08-21,75.28,128.93,3.05,164.83,49.63
2023-08-22,74.9,129.69,3.27,163.38,49.43
2023-08-23,77.78,133.21,3.53,166.72,50.39
2023-08-24,73.66,130.42,3.59,161.21,49.4
2023-08-25,74.26,130.69,3.47,161.9,48.94
2023-08-28,73.71,131.79,3.62,163.95,49.19
2023-08-29,84.7,135.49,3.58,168.26,50.28
2023-08-30,83.83,136.93,3.47,169.05,50.1
2023-08-31,79.6,137.35,3.31,170.22,49.81
2023-09-01,77.99,136.8,3.27,170.67,49.72
2023-09-05,77.5,136.71,3.21,170.61,48.47
2023-09-06,78.04,135.37,3.28,169.38,48.34
2023-09-07,81.79,136.2,3.29,165.5,47.68
2023-09-08,82.09,137.2,3.27,164.64,47.44
2023-09-11,80.62,137.74,3.44,164.55,47.69
2023-09-12,81.32,136.07,3.46,163.15,47.6
2023-09-13,79.86,137.5,3.46,163.99,45.79
2023-09-14,83.45,138.99,3.57,165.16,45.42
2023-09-15,82.15,138.3,3.79,160.4,45.7
2023-09-18,81.61,138.96,3.78,160.94,44.63
2023-09-19,78.13,138.83,3.71,159.59,45.24
2023-09-20,76.67,134.59,3.7,156.97,44.36
2023-09-21,74.42,131.36,3.74,154.07,43.69
2023-09-22,70.96,131.25,3.72,155.35,43.07
2023-09-25,71.75,132.17,3.81,156.49,42.93
2023-09-26,70.52,129.45,3.7,153.1,42.65
2023-09-27,71.52,131.46,3.54,154.45,42.03
2023-09-28,75.16,133.13,3.35,157.31,42.31
2023-09-29,75.08,131.85,3.26,157.88,42.3
2023-10-02,75.31,135.17,3.12,158.68,41.62
2023-10-03,72.48,133.3,3.07,155.4,40.53
2023-10-04,73.47,136.27,3.2,157.46,41.41
2023-10-05,74.62,135.99,3.54,156.7,41.32
2023-10-06,78.46,138.73,3.69,160.06,41.82
2023-10-09,79.1,139.5,3.93,159.66,39.78
2023-10-10,79.62,139.2,3.81,161.71,40.39
2023-10-11,77.35,141.7,3.74,162.93,41
2023-10-12,75.19,140.29,3.6,163.34,39.82
2023-10-13,73.43,138.58,3.75,158.9,38.72
2023-10-16,75.21,140.49,3.69,161.15,39.53
2023-10-17,77.46,140.99,3.78,159.97,40.12
2023-10-18,73.93,139.28,3.69,157.09,36.24
2023-10-19,73.1,138.98,3.7,154.67,36.03
2023-10-20,74.66,136.74,3.68,152.43,35.09
2023-10-23,77.21,137.9,3.64,151.56,35.38
2023-10-24,82.07,140.12,3.57,153.62,35.14
2023-10-25,77.79,126.67,3.5,147.41,34.85
2023-10-26,74.61,123.44,3.59,146.53,34.92
2023-10-27,70.78,123.4,3.59,148.11,33.9
2023-10-30,73.6,125.75,3.46,146.13,34.8
2023-10-31,77.12,125.3,3.61,147.46,35.01
2023-11-01,77.81,127.57,3.48,150.93,34.81
2023-11-02,84.6,128.58,3.53,154.36,35.82
2023-11-03,85.8,130.37,3.56,158.42,37.51
2023-11-06,86.37,131.45,3.55,158.13,36.76
2023-11-07,89.07,132.4,3.48,159.13,37.03
2023-11-08,88.32,133.26,3.31,159.29,38.04
2023-11-09,92.86,131.69,3.3,158.53,37.32
2023-11-10,92.92,134.06,3.3,164.92,37.99
2023-11-13,92.64,133.64,3.14,163.32,38.11
2023-11-14,92.09,135.43,3.28,169.36,39.38
2023-11-15,98.15,136.38,3.18,170.59,39.94
2023-11-16,96.92,138.7,3.11,170.67,39.28
2023-11-17,99.05,136.94,3.13,171.87,39.76
2023-11-20,106.1,137.92,3.19,174.4,40.02
2023-11-21,105.49,138.62,3.23,171.14,39.44
2023-11-22,109.25,140.02,3.09,171.69,39.8
2023-11-24,115.54,138.22,3.15,171.81,39.71
2023-11-27,119.77,138.05,3.07,171.57,39.21
2023-11-28,128.27,138.62,3.2,170.57,38.96
2023-11-29,127.82,136.4,3.29,172.42,39.25
2023-11-30,124.72,133.92,3.16,171.22,39.4
2023-12-01,133.76,133.32,3.2,172.02,40.24
2023-12-04,141.09,130.63,3.22,170.09,40.52
2023-12-05,140.2,132.39,3.18,169.13,39.59
2023-12-06,134.63,131.43,3.14,168.08,40.93
2023-12-07,136.19,138.45,3.14,172.59,41.26
2023-12-08,146.62,136.64,3.18,173.95,40.97
2023-12-11,138.02,134.7,2.92,179.89,40.56
2023-12-12,139.62,133.64,2.88,181.18,41.1
2023-12-13,150.46,133.97,3.24,183.97,41.58
2023-12-14,153.63,133.2,3.44,189.07,43.59
2023-12-15,147.9,133.84,3.19,189.78,43.58
2023-12-18,153.43,137.19,3.16,189.25,42.33
2023-12-19,161.16,138.1,3.345,190.26,42.42
2023-12-20,161.86,139.66,3.3,184.26,41.18
2023-12-21,168.03,141.8,3.33,189.36,42.58
2023-12-22,175.48,142.72,3.37,189.96,42.55
2023-12-26,172.05,142.82,3.53,193.32,42.08
2023-12-27,185.24,141.44,3.46,193.82,41.73
2023-12-28,186.36,141.28,3.33,193.45,41.97
2023-12-29,173.92,140.93,3.17,192.03,41.26
2024-01-02,156.88,139.56,3.28,185.12,40.72
2024-01-03,152.24,140.36,3.17,181.14,39.53
2024-01-04,155.6,138.04,3.26,179.62,40.47
2024-01-05,153.98,137.39,3.4,180.61,41.76
2024-01-08,159.42,140.53,3.33,186.5,42.92
2024-01-09,151.99,142.56,3.39,186.56,43.54
2024-01-10,151.29,143.8,3.34,185.93,44.26
2024-01-11,141.16,143.67,3.27,186.62,44.51
2024-01-12,130.78,144.24,3.26,185.8,39.78
2024-01-16,133.88,144.08,3.04,188.43,38.93
2024-01-17,133.86,142.89,2.96,186.7,37.88
2024-01-18,124.34,144.99,2.97,192.87,39.77
2024-01-19,124.75,147.97,3.06,200.41,38.82
2024-01-22,128.21,147.71,3,201.07,38.45
2024-01-23,124.19,148.68,3.03,202.4,40.49
2024-01-24,121.34,150.35,2.98,205.35,40.84
2024-01-25,121.01,153.64,2.99,204.78,42.96
2024-01-26,125.2,153.79,3,199.26,42.55
2024-01-29,132.82,154.84,2.96,201.33,42.09
2024-01-30,130.82,153.05,2.96,198.22,41.66
2024-01-31,128.2,141.8,2.86,195.35,41.38
2024-02-01,128.95,142.71,2.97,196.32,41.5
2024-02-02,129.22,143.54,2.93,198.82,41.37
2024-02-05,117.3,144.93,2.88,201.54,40.01
2024-02-06,119.79,145.41,2.9,199.19,41.23
2024-02-07,122.07,146.68,2.83,202.24,41.28
2024-02-08,132.55,147.22,2.82,205.71,41.62
2024-02-09,141.99,150.22,2.78,209.81,42.33
2024-02-12,147.31,148.73,2.99,209.43,43.02
2024-02-13,140.39,146.37,2.77,205.13,41.62
2024-02-14,160.38,147.14,2.89,209.76,42.83
2024-02-15,165.67,143.94,3.02,209.56,42.83
2024-02-16,180.31,141.76,2.99,208.37,41.99
2024-02-20,173.3,142.2,2.93,204.87,43.46
2024-02-21,162.41,143.84,2.9,204.4,44.05
2024-02-22,170.91,145.32,2.83,214.47,45.26
2024-02-23,165.98,145.29,2.75,212.16,45.51
2024-02-26,193.94,138.75,2.74,214.25,44.97
2024-02-27,199.22,140.1,2.79,214.04,44.9
2024-02-28,200.8,137.43,2.79,211.63,44.76
2024-02-29,203.56,139.78,2.89,217.36,45.49
2024-03-01,205.77,138.08,3.06,226.61,44.84
2024-03-04,229.15,134.2,3.5,228.84,44.14
2024-03-05,216.77,133.78,3.7,224.35,43.74
2024-03-06,238.55,132.56,3.68,229.87,44.07
2024-03-07,242.62,135.24,3.79,237.75,44.12
2024-03-08,256.62,136.29,3.81,228.13,43.3
2024-03-11,254.17,138.94,3.81,225.1,42.89
2024-03-12,256.14,139.62,3.93,229.77,42.17
2024-03-13,251.73,140.77,4.16,224.17,43.03
2024-03-14,233.67,144.34,3.95,220.34,42.85
2024-03-15,242.36,142.17,4,218.76,43.62
2024-03-18,239.62,148.48,3.94,218.59,43.55
2024-03-19,230.12,147.92,3.97,216.76,43.91
2024-03-20,256.88,149.68,4.07,220.45,45.98
2024-03-21,262,148.74,4.15,225.18,46.63
2024-03-22,255.51,151.77,4.12,225.45,46.47
2024-03-25,279.71,151.15,4.12,224.57,44.89
2024-03-26,266.81,151.7,4.05,222.88,45.42
2024-03-27,256.7,151.94,4.14,225.68,47.24
2024-03-28,265.12,152.26,4.16,225.92,47.88
2024-04-01,252.11,156.5,4.39,228.3,47.35
2024-04-02,245.84,155.87,4.5,224.78,45.65
2024-04-03,251.58,156.37,4.89,225.41,44.62
2024-04-04,249.61,151.94,4.77,219.03,43.22
2024-04-05,240.9,153.94,4.76,221.63,43.19
2024-04-08,256.99,156.14,6.29,222.2,43.31
2024-04-09,242.95,158.14,6.5,224.59,43.44
2024-04-10,250.99,157.66,6.44,220.49,42.37
2024-04-11,263.01,160.79,6.255,225.47,43.04
2024-04-12,245.75,159.19,5.92,218.07,41.8
2024-04-15,223.41,156.33,6.15,215.31,41.04
2024-04-16,218.83,156,6.2,216.94,41.5
2024-04-17,213.78,156.88,6.14,210.36,48.74
2024-04-18,218.08,157.46,6.13,206.63,51.42
2024-04-19,211.01,155.72,6.16,198.39,51.38
2024-04-22,225.86,157.95,6.33,201.66,53.94
2024-04-23,236.43,159.92,6.27,205.87,54.03
2024-04-24,224.37,161.1,5.96,208.54,52.67
2024-04-25,223.61,157.95,5.72,212.41,53.51
2024-04-26,236.32,173.69,5.78,216.9,52.84
2024-04-29,218.16,167.9,5.66,218.55,52.97
2024-04-30,203.93,164.64,5.46,213.99,51.46
2024-05-01,210.09,165.57,5.26,206.76,50.67
2024-05-02,228.85,168.46,5.13,211.41,51.68
2024-05-03,223.25,168.99,5.19,216.17,51.65
2024-05-06,226.93,169.83,5.01,220.66,53.97
2024-05-07,214.34,172.98,5.01,218.71,52.69
2024-05-08,211.2,171.16,5.26,218.92,53.02
2024-05-09,210.45,171.58,5.45,218.1,52.63
2024-05-10,200.92,170.29,5.46,220.24,52.72
2024-05-13,199.51,170.9,5.46,220.7,54.4
2024-05-14,203.05,171.93,5.55,224.37,55.09
2024-05-15,219.91,173.88,5.63,230.67,54.96
2024-05-16,199.17,175.43,5.69,229.54,54.78
2024-05-17,207.6,177.29,5.64,228.24,54.97
2024-05-20,225.19,178.46,6.08,233.26,54.62
2024-05-21,225.78,179.54,6.32,232.51,53.03
2024-05-22,231.51,178,6.12,235.24,52.42
2024-05-23,218.86,175.06,5.87,233.92,51.76
2024-05-24,237.65,176.33,5.99,238.56,51.73
2024-05-28,245,178.02,6.28,242.59,50.64
2024-05-29,236.65,177.4,6.14,237.58,51.83
2024-05-30,234.76,173.56,6.34,235.93,51.34
2024-05-31,225.92,173.96,6.84,234.01,52.99
2024-06-03,231.39,174.42,6.88,234.39,52.72
2024-06-04,244.2,175.13,6.77,232.56,52.34
2024-06-05,251.4,177.07,6.76,242.73,52.91
2024-06-06,257.08,178.35,6.885,240.74,53.3
2024-06-07,244.16,175.95,6.62,240.02,53
2024-06-10,249.81,176.63,6.79,243.48,53.03
2024-06-11,244.2,178.19,6.79,243.37,52.05
2024-06-12,254.96,179.56,6.77,250.23,52.93
2024-06-13,247.64,176.74,6.68,252.95,52.07
2024-06-14,244.5,178.37,6.64,252.04,49.69
2024-06-17,245.1,178.78,6.75,256.02,50.36
2024-06-18,235.95,176.45,6.85,259.28,49.58
2024-06-20,235.03,177.71,6.83,252.24,48.9
2024-06-21,225.86,180.26,6.57,249.78,48.18
2024-06-24,212.31,180.79,6.4,242.65,49.18
2024-06-25,221.71,185.58,5.57,246.38,48.52
2024-06-26,214.58,185.37,5.305,245.42,48.07
2024-06-27,224,186.86,5.05,244.16,48.2
2024-06-28,222.23,183.42,5.2,246.63,48.66
2024-07-01,233.37,184.49,5.11,246.62,48.33
2024-07-02,227.51,186.61,5.2,250.09,48.2
2024-07-03,224.94,187.39,5.27,254.26,48.51
2024-07-05,223.68,191.96,5.375,254.76,47
2024-07-08,220.56,190.48,5.34,259.59,46.82
2024-07-09,219.97,190.44,5.23,259.47,47.2
2024-07-10,219.56,192.66,5.37,265.49,47.15
2024-07-11,214.63,187.3,5.81,256.76,45.64
2024-07-12,218.02,186.78,5.81,259.89,44.72
2024-07-15,242.85,188.19,6.5,260.18,44.32
2024-07-16,251.49,185.5,6.895,261.79,47.07
2024-07-17,249.1,182.62,6.6,243.17,46.94
2024-07-18,233.24,179.22,6.72,243.9,46.39
2024-07-19,257.79,179.39,6.41,236.44,47.93
2024-07-22,265.15,183.35,6.55,246.24,48.19
2024-07-23,257.63,183.6,6.74,242.57,48.22
2024-07-24,245.06,174.37,6.61,229.67,46.02
2024-07-25,231.52,169.16,6.35,224.55,46.72
2024-07-26,242.93,168.68,6.71,229.37,47.37
2024-07-29,234.2,171.13,6.45,228.89,46.76
2024-07-30,224.46,171.86,6.51,220.58,46.61
2024-07-31,224.36,173.15,6.79,235.38,45.42
2024-08-01,212.64,172.45,6.3,218.42,42.38
2024-08-02,204.44,168.4,5.86,206.81,40.19
2024-08-05,189.47,160.64,5.58,203.16,37.88
2024-08-06,194.17,160.54,5.73,205,38.8
2024-08-07,178.91,160.75,5.57,199.29,38.76
2024-08-08,192.32,163.84,5.825,213.04,41.18
2024-08-09,196.29,165.39,5.8,211.78,41.46
2024-08-12,191.74,163.95,6.31,213,40.42
2024-08-13,197.94,165.93,6.58,221.65,40.92
2024-08-14,195.96,162.03,6.62,221.09,40.24
2024-08-15,197.12,163.17,8.19,231.72,42.66
2024-08-16,205.31,164.74,8.325,231.23,42.07
2024-08-19,204.46,168.4,9.01,235.16,42.35
2024-08-20,197.25,168.96,9.07,232.05,41.76
2024-08-21,206.23,167.63,8.78,235.34,41.99
2024-08-22,198.43,165.49,8.64,227.3,41.44
2024-08-23,211.4,167.43,8.79,233.39,43.32
2024-08-26,204,167.93,8.96,227.53,42.78
2024-08-27,198.3,166.38,8.74,230.05,42.14
2024-08-28,190.2,164.5,8.38,225.9,41.33
2024-08-29,188.28,163.4,8.77,225.25,42.64
2024-08-30,183.36,165.11,8.9,231.14,44.04
2024-09-03,169.13,158.61,7.86,213.5,43.87
2024-09-04,163.22,157.81,8.09,214.2,44.17
2024-09-05,159.7,158.6,9.02,213.05,45.12
2024-09-06,147.35,152.13,8.53,203.93,46.01
2024-09-09,155.05,149.54,8.62,207.96,48.75
2024-09-10,158.46,150.01,8.31,210.15,48.42
2024-09-11,157.15,152.15,8.54,219.91,48.47
2024-09-12,162.89,155.54,8.71,218.94,49.65
2024-09-13,163.05,158.37,9,222.85,50.22
2024-09-16,161.5,158.99,8.96,219.88,51.34
2024-09-17,162.45,160.28,8.885,220.15,52.64
2024-09-18,162.64,160.81,8.57,217.72,52.96
2024-09-19,168.24,163.24,8.6,226.99,52.59
2024-09-20,170.09,164.64,8.76,223.67,52.17
2024-09-23,170.22,163.07,8.66,224.54,52.36
2024-09-24,171.68,163.64,8.77,227.26,53.63
2024-09-25,167.08,162.99,9.055,228.27,54.11
2024-09-26,179.93,163.83,10.14,236.43,58.85
2024-09-27,191.23,165.29,9.53,232.68,57.99
2024-09-30,178.17,167.19,9.35,230.59,57.06
2024-10-01,165.01,168.42,9.26,224.13,56.13
2024-10-02,164.47,167.31,9.16,227.15,55.74
2024-10-03,163.1,167.21,9.14,227.96,55.62
2024-10-04,170.91,168.56,9.115,231.08,59.22
2024-10-07,168.92,164.39,9.08,230.45,59.18
2024-10-08,167.69,165.7,8.89,232.72,60.01
2024-10-09,166.97,163.06,8.96,235.15,59.43
2024-10-10,164.27,163.18,9.355,233.5,60.26
2024-10-11,176.38,164.52,9.49,235.46,61.8
2024-10-14,196.35,166.35,9.3,239.8,63.53
2024-10-15,196.34,166.9,9.69,227.36,64.05
2024-10-16,210.48,166.74,9.82,227.36,72.01
2024-10-17,204.2,164.51,9.83,229.15,73.33
2024-10-18,220.21,165.05,10.13,229.36,74.15
2024-10-21,213.72,165.8,10.38,228.93,74
2024-10-22,210.72,166.82,10.69,228.08,74.49
2024-10-23,198.93,164.48,10.16,226.04,73.45
2024-10-24,209.16,164.53,9.9,227.3,74.51
2024-10-25,205.04,166.99,9.615,229.58,74.64
2024-10-28,216.1,168.34,9.78,229.72,76.09
2024-10-29,219.66,171.14,10.38,235.37,76.93
2024-10-30,211.74,176.14,10.21,227.07,80.42
2024-10-31,179.25,172.69,10.225,218.26,78.26
2024-11-01,182.88,172.65,9.895,220.58,80.46
2024-11-04,186.27,170.68,9.77,219.31,77.25
2024-11-05,193.96,171.41,9.66,221.87,80.03
2024-11-06,254.31,178.33,10.06,228.34,87.58
2024-11-07,255.58,182.28,10.45,233.1,85.43
2024-11-08,270.74,179.86,9.47,231.36,87.51
2024-11-11,324.24,181.97,8.87,225.57,89.43
2024-11-12,319.13,183.32,8.985,223.11,89.13
2024-11-13,284.72,180.49,8.86,218.37,89.78
2024-11-14,278.84,177.35,9.1,218.24,91.16
2024-11-15,305.85,173.89,10.6,211.21,91.17
2024-11-18,325.41,176.8,9.57,213.94,90.38
2024-11-19,324.57,179.58,9.88,214.35,94.26
2024-11-20,320.01,177.33,9.63,212.71,94.63
2024-11-21,295.23,169.24,9.8,216.08,94.4
2024-11-22,304.64,166.57,9.88,216.17,95.24
2024-11-25,312.22,169.43,9.36,218.28,96.83
2024-11-26,293.29,170.62,9.41,215.45,96.51
2024-11-27,310.98,170.82,9.755,212.56,96.35
2024-11-29,296.2,170.49,9.53,215.4,96.83
2024-12-02,302.4,172.98,9.03,221.06,97.44
2024-12-03,309.35,173.02,10.59,219.81,95.79
2024-12-04,330.94,176.09,10.79,222.72,99.25
2024-12-05,320.57,174.31,11.51,218.51,102.44
2024-12-06,343.62,176.49,12.24,219.83,100.28
2024-12-09,310.52,177.1,12.19,218.77,96.02
2024-12-10,302.42,186.53,12.18,213.57,96.53
2024-12-11,313.81,196.71,12.8,218.94,98.96
2024-12-12,312.96,193.63,11.81,217.24,95.97
2024-12-13,310.58,191.38,11.91,223.3,95.11
2024-12-16,315.31,198.16,12.39,227.44,95.48
2024-12-17,311.64,197.12,12.46,223.87,94.99
2024-12-18,279.86,190.15,11.67,215.59,91.47
2024-12-19,273.92,189.7,11.78,211.97,95.56
2024-12-20,278.71,192.96,12.33,214.82,97.4
2024-12-23,268.15,195.99,10.68,221.32,99.48
2024-12-24,279.62,197.57,11.47,223.6,101.16
2024-12-26,274.41,197.1,11.21,223.53,100.87
2024-12-27,265.71,194.04,11.2,221.64,99.65
2024-12-30,255.56,192.69,10.58,217.28,98.21
2024-12-31,248.3,190.44,10.67,215.49,97.1
2025-01-02,257.21,190.63,11.05,216.82,95.43
2025-01-03,270.65,193.13,11.08,222.47,95.67
2025-01-06,287.76,197.96,12.77,228.91,98.57
2025-01-07,264.33,196.71,12.51,225.79,101.21
2025-01-08,260.01,195.39,12.51,223.54,103.72
2025-01-10,258.78,193.17,12.1,218.2,107.11
2025-01-13,251.2,192.29,11,217.53,104.71
2025-01-14,255.37,191.05,11.45,218.96,107.67
2025-01-15,274.93,196.98,11.4,223.21,104.96
2025-01-16,281.63,194.41,11.71,223.54,106.11
2025-01-17,295.48,197.55,11.91,229.74,107.38
2025-01-21,294.19,199.63,12.23,232.45,110.52
2025-01-22,295.85,200.03,12.25,235.81,107.97
2025-01-23,296.01,199.58,12.35,235.37,103
2025-01-24,298,201.9,12.63,230.64,105
2025-01-27,277.99,193.77,11.44,212.55,106.74
2025-01-28,281.82,197.07,11.38,213.5,106.34
2025-01-29,291,197.18,11.42,214.38,108.26
2025-01-30,301.3,202.63,11.84,218.74,109.4
2025-01-31,291.33,205.6,11.8,218.13,105.84
2025-02-03,284.41,202.64,11.78,214.2,104.83
2025-02-04,280.39,207.71,12.47,216.4,108.67
2025-02-05,275.14,193.3,12.24,220.59,107.82
2025-02-06,270.37,193.31,12.15,220.3,109.15
2025-02-07,274.49,187.14,12.06,216.87,109
2025-02-10,280.22,188.2,12.22,219.7,106.08
2025-02-11,266.9,187.07,11.89,219.9,103.31
2025-02-12,274.9,185.43,12.01,220.14,104.18
2025-02-13,298.11,187.88,11.97,222.84,100.89
2025-02-14,274.31,186.87,9.29,223.07,104.26
2025-02-18,264.63,185.8,9.72,226.76,103.25
2025-02-19,258.67,187.13,9.3,230.53,106.51
2025-02-20,256.59,186.64,9.23,231.07,102.49
2025-02-21,235.38,181.58,8.35,223.98,95.89
2025-02-24,227.07,181.19,8.03,218.72,97.77
2025-02-25,212.49,177.37,8.165,214.21,96.58
2025-02-26,212.96,174.7,8.53,217.94,97.4
2025-02-27,208.37,170.21,8.26,205.25,92.17
2025-02-28,215.62,172.22,8.58,208.52,93.81
2025-03-03,205.75,168.66,8.545,201.15,91.67
2025-03-04,212.55,172.61,8.51,202.27,86.21
2025-03-05,222.45,174.99,9.2,206.63,91.27
2025-03-06,214.17,174.21,8.8,198.04,86.27
2025-03-07,217.45,175.75,8.86,203.85,82.88
2025-03-10,179.23,167.81,8.19,194.42,77.62
2025-03-11,191.69,165.98,9.19,192.12,76.06
2025-03-12,191.73,169,9.22,196.08,72.46
2025-03-13,177.49,164.73,9.46,195.1,69.9
2025-03-14,183.12,167.62,9.84,201.12,73.67
2025-03-17,188.96,166.57,10.68,204.44,73.92
2025-03-18,181.14,162.67,10.77,201.47,71.34
2025-03-19,189.75,166.28,11.15,203.11,74.43
2025-03-20,190.38,165.05,11.46,201.49,74.04
2025-03-21,189.86,166.25,11.2,199.38,74.87
2025-03-24,203.04,169.93,11.15,205.3,80.22
2025-03-25,204.23,172.79,11.2,204.19,78.9
2025-03-26,193.95,167.14,10.92,198.47,77.87
2025-03-27,188.58,164.08,11.08,194.56,73.53
2025-03-28,173.93,156.06,10.95,188.68,70.23
2025-03-31,172.23,156.23,10.69,188.17,69.05
2025-04-01,174.52,158.88,10.76,188.27,68.2
2025-04-02,182.95,158.86,10.95,189.48,71.37
2025-04-03,170.76,152.63,11.2,170.36,60.23
2025-04-04,160.55,147.74,9.31,157.63,57.67
2025-04-07,157.28,149.24,8.98,161.27,58.77
2025-04-08,151.47,146.58,9.53,154.86,56.15
2025-04-09,177.09,161.06,10.82,183.62,70.83
2025-04-10,169.62,155.37,11.11,168.61,62.75
2025-04-11,175.5,159.4,11.83,172.26,65.6
2025-04-14,176.58,161.47,13.74,173.4,65.69
2025-04-15,175.57,158.68,13.26,174.11,67
2025-04-16,172.21,155.5,13.35,167.39,66.99
2025-04-17,175.03,153.36,13.15,166.55,66.3
2025-04-21,175,149.86,13.3,163.64,65.3
2025-04-22,190,153.9,13.295,166.82,66.97
2025-04-23,194.8,157.72,13.68,173.07,68.03
2025-04-24,203.87,161.47,14.3,183.03,69.05
2025-04-25,209.64,163.85,14.29,184.81,68.2
2025-04-28,205.27,162.42,14.42,184.48,68.84
2025-04-29,206.13,162.06,14.05,182.51,68.93
2025-04-30,202.89,160.89,14.73,183.84,68.82
2025-05-01,201.3,162.79,14.97,183.59,69.16
2025-05-02,204.93,165.81,14.51,190.03,74.07
2025-05-05,199.4,166.05,15,188.57,74.86
2025-05-06,196.89,165.2,15,186.77,73.52
2025-05-07,196.56,152.8,14.73,190.04,75.35
2025-05-08,206.5,155.75,14.46,191.74,79.41
2025-05-09,199.32,154.38,15.18,193.94,77.27
2025-05-12,207.22,159.58,11.74,207.87,78.62
2025-05-13,256.9,160.89,12.275,213.76,82.6
2025-05-14,263.41,166.81,11.51,214.79,78.99
2025-05-15,244.44,165.4,12.17,213.41,76.54
2025-05-16,266.46,167.43,11.94,213.13,77.93
2025-05-19,263.99,167.87,12.77,211.85,78.62
2025-05-20,261.38,165.32,13.72,211.54,76.33
2025-05-21,258.99,170.06,13.66,207.67,73.33
2025-05-22,271.95,171.98,13.2,205.75,76
2025-05-23,263.16,169.59,13.83,202.56,74.65
2025-05-27,266.4,173.98,14.27,209.29,78.18
2025-05-28,254.29,173.38,14.14,208.24,77.5
2025-05-29,248.84,172.96,13.68,209.09,78.57
2025-05-30,246.62,172.85,13.91,204.94,79.44
2025-06-02,246.72,170.37,14.98,208.03,81.23
2025-06-03,258.91,167.71,17.31,213.62,81.08
2025-06-04,256,169.39,17.04,216.8,81.62
2025-06-05,244.2,169.81,17.07,215.89,80.35
2025-06-06,251.27,174.92,17.37,217.34,84.23
2025-06-09,256.63,177.63,17.13,222.46,83.47
2025-06-10,254.94,180.01,16.53,227.32,83.2
2025-06-11,250.68,178.79,16.49,226.56,78.63
2025-06-12,241.05,176.97,13.12,226.87,77.43
2025-06-13,242.71,175.88,12.835,220.96,74
2025-06-16,261.57,177.94,13,227.44,78.52
2025-06-17,253.85,177.23,13.07,225.64,73.67
2025-06-18,295.29,173.98,13.42,226.56,74.3
2025-06-20,308.38,167.73,12.99,225.11,74.27
2025-06-23,307.59,166.01,13.02,226.51,76.97
2025-06-24,344.82,167.74,13.09,235.1,79.02
2025-06-25,355.37,171.49,13.02,237.21,76.73
2025-06-26,375.07,174.43,12.89,239.07,77.55
2025-06-27,353.43,178.27,11.86,238.86,79.18
2025-06-30,350.49,177.39,12.14,238.7,79.63
2025-07-01,335.33,176.91,11.96,237.62,80.05
2025-07-02,354.45,179.76,12.25,242.14,81.01
2025-07-03,355.8,180.55,12.455,243.34,82.36
2025-07-07,357.1,177.56,13.11,238.78,81.11
2025-07-08,354.82,175.16,12.77,243.34,81.21
2025-07-09,373.85,177.66,13.06,244.12,80.18
2025-07-10,388.96,178.7,14.58,246.55,91.67
2025-07-11,387.06,181.31,14.73,246.17,87.69
2025-07-14,394.01,182.81,14.66,243.83,88.94
2025-07-15,388.02,183.1,14.84,246.26,86.38
2025-07-16,398.2,183.77,15.45,245.59,88.47
2025-07-17,410.75,184.7,15.87,246.53,91.22
2025-07-18,419.78,185.94,17.18,246.73,92.25
2025-07-21,413.63,191.15,17.17,246.95,92.35
2025-07-22,404.44,192.11,17.79,243.54,90.78
2025-07-23,397.81,191.51,16.98,242.06,90.43
2025-07-24,396.7,193.2,16.845,241.56,89.73
2025-07-25,391.66,194.08,16.21,241.54,91.11
2025-07-28,379.49,193.42,15.88,245.75,92.43
2025-07-29,371.44,196.43,15.47,246.19,90.65
2025-07-30,377.48,197.44,14.95,247.95,90.24
2025-07-31,377.76,192.86,15.1,240.03,88.31
2025-08-01,314.69,189.95,15.16,237.24,84.57
2025-08-04,318.17,195.75,16.74,240.4,87.01
2025-08-05,297.99,195.32,16.68,238.73,87.66
2025-08-06,303.58,196.92,17.26,236.93,88.87
2025-08-07,310.79,197.28,17.3,240.84,87.98
2025-08-08,310.54,202.09,16.9,242.87,89.29
2025-08-11,319.62,201.63,17.37,242.41,89.33
2025-08-12,322.62,204.16,17.37,250.16,98.47
2025-08-13,327.01,203.03,17.03,253.88,99.79
2025-08-14,324.89,203.82,17.53,254.14,99.14
2025-08-15,317.55,204.91,17.31,248.32,100.93
2025-08-18,320.73,204.29,17.57,249.05,102.37
2025-08-19,302.07,202.49,16.35,245.15,102.19
2025-08-20,304.39,200.19,17.04,243.74,99.84
2025-08-21,300.28,200.62,17.87,242.36,97.18
2025-08-22,319.85,206.72,17.73,249.09,102.98
2025-08-25,306,209.16,18.07,248.51,102.34
2025-08-26,308.48,207.95,18.51,250.85,104.13
2025-08-27,308.97,208.21,18.61,251.34,104.21
2025-08-28,308.47,212.37,18.47,252.55,105.08
2025-08-29,304.54,213.53,18.87,245.32,105
2025-09-02,303.56,211.99,18.69,242.83,104.68
2025-09-03,302.31,231.1,19.2,241.68,106.16
2025-09-04,306.8,232.66,18.07,244.17,106.05
2025-09-05,299.07,235.17,18.43,247.05,106.59
2025-09-08,302.2,234.16,18.06,248.85,107.77
2025-09-09,318.78,239.94,16.71,249.06,105.65
2025-09-10,315.34,239.56,17.25,253.45,107.51
2025-09-11,323.95,240.78,17.21,255.19,109.36
2025-09-12,323.04,241.38,17.32,255.64,106.58
2025-09-15,327.02,251.76,18.01,257.8,104.55
2025-09-16,327.91,251.42,16.92,258.58,104.2
2025-09-17,320.56,249.85,16.99,258.53,105.51
2025-09-18,343.13,252.33,17.41,267.57,105.38
2025-09-19,342.46,255.24,18.31,265.86,106.31
2025-09-22,331.95,252.88,18.86,269.83,104.18
2025-09-23,320.07,252.34,18.95,269.51,104.13
2025-09-24,321.77,247.83,18.86,269.1,101.39
2025-09-25,306.69,246.57,19,268.24,99.15
2025-09-26,312.59,247.18,21.16,268.83,97.91
2025-09-29,333.99,244.36,20.6,268.93,98.64
2025-09-30,337.49,243.55,20.23,271.12,96.5
2025-10-01,346.17,245.54,20.67,276.34,93.15
2025-10-02,372.07,246.43,21.01,281.69,94.83
2025-10-03,380.02,246.45,21.84,279.96,95.33
2025-10-06,386.07,251.51,23.58,288.36,97.07
2025-10-07,375.78,247.13,23.6,281.91,96.65
2025-10-08,387.27,245.46,24.34,291.54,98.09
2025-10-09,387,242.21,23.94,290.19,101.34
2025-10-10,357.01,237.49,25.79,271.99,96.67
2025-10-13,356.99,244.64,27.39,284.87,99.25
2025-10-14,341.55,246.19,27.19,279.03,103.15
2025-10-15,336.3,251.71,27.5,287.64,104.05
2025-10-16,330.25,251.88,28,288.98,98.19
2025-10-17,336.02,253.79,25.32,288.17,99.14
2025-10-20,343.78,257.02,27.27,292.97,101.29
2025-10-21,338.62,251.34,23.71,291.33,100.11
2025-10-22,320.33,252.53,23.65,284.13,96.27
2025-10-23,322.76,253.73,23.42,291.06,95.68
2025-10-24,354.46,260.51,23.3,295.86,99.31
2025-10-27,361.43,269.93,24.84,304.08,98.8
2025-10-28,355.22,268.43,25.38,304.45,94.94
2025-10-29,348.61,275.17,23.51,309.6,95.93
2025-10-30,328.51,281.9,25.2,305.41,93.38
2025-10-31,343.78,281.82,24.03,306.55,94.04
2025-11-03,330.42,284.12,22.65,308.38,96.11
2025-11-04,307.32,278.06,21.31,296.26,90.77
2025-11-05,319.3,284.75,21.42,305.47,96.65
2025-11-06,295.22,285.34,20.85,297.5,95.72
2025-11-07,309.14,279.7,22.28,294.38,97.43
2025-11-10,317.93,290.59,22.93,302,96.14
2025-11-11,304.01,291.74,22.93,295.15,94.95
2025-11-12,304,287.43,23.09,299.67,99.97
2025-11-13,283.14,279.12,21.99,289.38,97.17
2025-11-14,284,276.98,21.58,288.52,95.03
2025-11-17,263.95,285.6,22.62,283.56,89.95
2025-11-18,261.79,284.96,23.3,276.98,91.92
2025-11-19,257.29,292.99,23.89,281.61,91.33
2025-11-20,238.16,289.98,22.05,268.1,90.05
2025-11-21,240.41,299.65,22.13,270.83,92.2
2025-11-24,255.97,318.47,23.73,282.7,95.62
2025-11-25,254.12,323.64,24.03,283.58,98.91
2025-11-26,264.97,320.28,25.05,291.39,101.59
2025-11-28,272.82,320.12,25.74,296.74,101.96
2025-12-01,259.84,315.12,25.28,296.92,101.12
2025-12-02,263.26,316.02,24.76,302.84,104.38
2025-12-03,276.92,320.62,24.78,309.36,108.48
2025-12-04,274.05,318.39,25.74,306.28,104.73
2025-12-05,269.73,322.09,25.92,309.4,104.95
2025-12-08,274.2,314.45,25.26,312.76,104.5
2025-12-09,277.36,317.75,26.55,312.18,105.7
2025-12-10,275.09,321,25.7,316.33,107.74
2025-12-11,269.02,313.7,29.15,314.52,108.39
2025-12-12,267.46,310.52,28.84,299.48,106.84
2025-12-15,250.42,309.32,26.84,298.01,107.7
2025-12-16,252.61,307.73,26.59,296.2,112.48
2025-12-17,244.19,298.06,25.8,285.23,110.27
2025-12-18,239.2,303.75,26.36,292.04,112.85
2025-12-19,245.12,308.61,27.6,299.81,113.99
2025-12-22,247.9,311.33,27.7,303.84,116.02
2025-12-23,242.3,315.68,27.7,304.96,113.53
2025-12-24,239.73,315.67,26.58,306.14,114.81
2025-12-26,236.9,314.96,25.93,306.04,114.04
2025-12-29,233.77,314.39,24.7,305.32,111.45
2025-12-30,231.6,314.55,24.52,304.92,111.52
2025-12-31,226.14,313.8,24.21,301.15,111.82
2026-01-02,236.53,315.32,24.54,313.69,113.01
2026-01-05,254.92,317.32,26.42,318.06,114.89
2026-01-06,250.56,314.55,28.05,328.35,117.53
2026-01-07,245.93,322.43,29.08,324.89,116.6
2026-01-08,245.59,326.01,29.42,319.58,115.47
2026-01-09,240.78,329.14,29.68,328.78,117.32
2026-01-12,242.98,332.73,31.05,330.35,115.29
2026-01-13,252.69,336.43,31.02,333.3,114.41
2026-01-14,255.86,336.31,31.81,331.9,110.75
2026-01-15,239.28,333.16,31.32,337.22,116.02
2026-01-16,241.15,330.34,32.23,342.47,113.49
2026-01-20,227.73,322.16,32.85,337.35,108.57
2026-01-21,226.93,328.38,31.48,348.14,110.96
2026-01-22,223.14,330.84,34.85,348.67,110.4
2026-01-23,216.95,328.43,34.5,344.71,107.74
2026-01-26,213.48,333.59,33.19,343.07,107.76
2026-01-27,210.83,335,34.96,351.08,104.04
2026-01-28,209.43,336.28,34.37,360.46,104.91
2026-01-29,199.18,338.66,32.06,361.13,103.94
2026-01-30,194.74,338.53,26.62,346.3,102.32
2026-02-02,187.86,344.9,27.39,352.69,107.35
2026-02-03,179.66,340.7,29.38,345.64,110.86
2026-02-04,168.62,333.34,28.465,330.38,109.48
2026-02-05,146.12,331.33,25.94,330.83,106.09
2026-02-06,165.12,323.1,28.1,348.51,115.91
2026-02-09,167.25,324.4,30.32,352.77,116.2
2026-02-10,162.51,318.63,29.58,351.43,116.36
2026-02-11,153.2,311.33,30.5,360.2,113.94
2026-02-12,141.09,309.37,27.57,351.5,109.3
2026-02-13,164.32,306.02,28.86,354.66,109.29
2026-02-17,166.02,302.82,28.08,354.1,114.02
2026-02-18,164.05,303.94,29.3,357.92,116.93
2026-02-19,165.94,303.56,30.15,355.84,110.05
2026-02-20,171.35,314.9,30.18,359.43,113.03
2026-02-23,160.24,311.69,30.31,356.82,107.17
2026-02-24,162.03,310.92,31.59,362.04,112.59
2026-02-25,183.94,313.03,33.06,368,112.87
2026-02-26,181.06,307.15,35.67,356.8,116.43
2026-02-27,175.85,311.43,36.86,352.29,106.3
2026-03-02,185.24,306.36,37.22,352.05,103.21
2026-03-03,182.36,303.56,34.31,334.78,102.54
2026-03-04,208.93,303.45,34.2,341.54,100.48
2026-03-05,205.71,300.91,32.41,337.76,95.43
2026-03-06,197.22,298.3,32.18,323.51,92.07
2026-03-09,199.79,306.01,32.81,336.37,94.52
2026-03-10,196.52,306.93,32.95,338.81,91.1
2026-03-11,198.63,308.42,32.23,342.09,90.68
2026-03-12,193.23,303.21,31.31,330.19,86.53
2026-03-13,195.53,301.46,29.76,331.32,86.6
2026-03-16,203.32,304.42,31.12,337.83,90.28
2026-03-17,210.23,309.41,30.67,340.25,93.19
2026-03-18,202.29,306.3,28.56,338.29,92.51
2026-03-19,202.91,305.73,26.61,340.2,94.15
2026-03-20,197.5,298.79,24.99,332.51,89.95
2026-03-23,200.62,299.02,25.07,336.59,93.96
2026-03-24,181.04,289.2,25.18,341.02,93.56
2026-03-25,181.1,289.59,26.15,345.25,92.95
2026-03-26,173.38,280.74,25.25,328.85,92.69
2026-03-27,161.14,273.76,26.46,323.48,88.44
2026-03-30,160.79,273.14,25.31,309.79,85.21
2026-03-31,174.61,286.86,28.12,328.66,92.07
2026-04-01,172.99,294.9,29.52,338.54,95.08
2026-04-02,171.46,294.46,29.43,339.61,92.21
2026-04-06,174.79,297.66,29.16,344.1,90.97
2026-04-07,175.18,303.93,29.37,347.76,89.29
2026-04-08,175.09,314.74,29.79,370.4,96.3
2026-04-09,169.02,316.37,30.13,378.63,97.67
2026-04-10,167.85,315.72,29.94,386.6,96.4
2026-04-13,174.53,319.21,30.71,393.34,95.2
2026-04-14,184.41,330.58,32.11,401.24,97.2
2026-04-15,195.9,334.47,31.58,401.86,94.27
2026-04-16,199.82,332.77,31.65,405.95,95.03
2026-04-17,206.33,339.4,33.9,415.71,101.8
2026-04-20,211.63,335.4,33.51,417.55,98.91
2026-04-21,195.95,330.47,30.34,420.7,97.13
2026-04-22,206.24,337.73,30.505,431.77,91.71
2026-04-23,197.93,337.75,29.47,441,91.25
2026-04-24,199.77,342.32,29.14,461.6,93
2026-04-27,196.68,348.52,28.47,455.41,91.9
2026-04-28,194.1,347.5,27.49,438.71,90.41
2026-04-29,181.73,347.31,26.24,449.99,88.62
2026-04-30,187.77,381.94,27.61,461.44,90
2026-05-01,191.25,383.22,27.47,465.75,92.52
2026-05-04,202.99,379.64,26.91,462.06,90.07
2026-05-05,197.75,384.27,27.35,482.73,93.67
2026-05-06,197.96,395.14,29.9,506.87,100.04
2026-05-07,192.96,395.3,28.51,492.36,99.7
2026-05-08,201.16,397.05,29.95,520.3,99.58
2026-05-11,216.6,386.77,31.54,532.76,96.62
2026-05-12,207.64,383.82,31.08,515.99,95.84
2026-05-13,201.8,399.04,31.77,528.29,95.7
2026-05-14,212.01,397.17,31.1,530.03,96.02
2026-05-15,195.43,393.32,28.17,508.52,92.85
2026-05-18,189.44,393.11,26.64,495.87,92.55
2026-05-19,193.45,384.9,24.64,496.74,89.12
2026-05-20,191.29,384.9,27.51,520.31,98.02
2026-05-21,193.56,383.47,26.72,524.71,99.64
2026-05-22,184.99,379.38,25.32,537.33,99.96
2026-05-26,180.01,384.84,26.58,570.09,105.92
2026-05-27,173.78,384.83,26.18,563.98,112.62
2026-05-28,182.25,386.12,26.65,569.47,115.06
2026-05-29,189.03,376.43,27.07,569.08,114.8
2026-06-01,182.61,372.58,25.74,571.93,111.76
2026-06-02,173.99,358.39,26.18,605.02,108.82
2026-06-03,163.22,355.68,24.77,615.68,105.14
2026-06-04,164.13,369.27,25.04,602.72,104.94
2026-06-05,152.4,365.76,22.65,539.77,105.73
2026-06-08,162.11,361.17,22.91,571.45,105.32
2026-06-09,155.5,362.29,22.66,562.14,109.63
2026-06-10,153.97,353.32,21.36,541.51,102.78
2026-06-11,160.43,356.56,23.44,586.93,112.61
2026-06-12,159.78,358.16,24.09,596.25,115.52
2026-06-15,169.62,367.11,26.01,628.45,119.97
2026-06-16,169.27,371.1,25.77,591.24,118.51
2026-06-17,164.91,362.1,24.9,599.73,115.83
2026-06-18,163.26,367.46,24.32,639.45,118.32
2026-06-22,164.84,348.78,23.8,655.01,118.68
2026-06-23,158.18,346.08,22.33,603.39,121.55
2026-06-24,150.11,345.04,21.12,601.5,130.54
2026-06-25,142.52,342.19,21.2,625.2,134.6
2026-06-26,149.06,334.69,21.34,589.94,136.11
2026-06-29,151.65,351.28,20.62,614.35,135.19
2026-06-30,146.19,353.33,20.76,640.76,135.99
2026-07-01,159.24,357.89,20.99,599.7,135.13
2026-07-02,165.48,356.18,21.33,566.32,133.32
2026-07-06,168.87,364.9,21.14,581.51,132.5
2026-07-07,163.51,363.62,19.99,551.69,128.31
2026-07-08,159.36,358.71,19.11,562.03,126.22
2026-07-09,158.44,356.24,19.8,581.7,129.05
2026-07-10,159.07,355.03,19.44,581.34,126
2026-07-13,157.37,350.67,18.66,553.61,121.16
2026-07-14,161.5,357.33,18.99,567.92,120.35
2026-07-15,167.21,370.21,18.59,555.27,120.97
2026-07-16,160.49,353.81,17.17,530.5,118.81
2026-07-17,157.12,346.12,16.9,521.81,115.41
2026-07-20,160.43,351.37,17.02,524.14,117.52
2026-07-21,175.85,346.19,18.62,552.69,117.7
2026-07-22,166.12,341.91,18.5,555.52,117.26
2026-07-23,161.16,318.34,17.84,551.24,115.35
2026-07-24,158.29,319.09,17.84,527.01,118.27
2026-07-27,167.49,326.57,18.24,516.23,120.57
2026-07-28,167.9,332.6,17.39,491.46,123.77
2026-07-29,160.09,335.76,17.26,465,119.42
2026-07-30,163.58,333.68,18.91,504.53,123.56
2026-07-31,146.26,356.65,18.41,504.89,121.33
2026-08-03,146.5,372.47,19.07,507.68,128.39
2026-08-04,150.73,375.35,20.68,542.21,132.62
2026-08-05,149.89,360.13,22.93,530.7,132.76
2026-08-06,145.41,356.62,22.83,532.52,129.12
2026-08-07,153.6,353.47,24.72,543.27,129.56
2026-08-10,148.68,355.84,24.89,529.39,123.76
2026-08-11,148.58,343,25.43,534.2,126.31
2026-08-12,149.04,342.37,25.27,546.61,125.12
2026-08-13,153.9,343.94,24.75,550.74,126.35
2026-08-14,148.47,343.54,25.24,550.42,125.34
2026-08-17,150.55,341.45,24.39,559.12,122.26
2026-08-18,146.23,341.28,23.79,531.39,118.72
2026-08-19,160.2,341.7,25.82,519.67,115.78
2026-08-20,172.35,338.2,25.05,522.35,111.71
2026-08-21,186.49,341.75,25.7,520.05,113.17
2026-08-24,179.48,344.59,25.93,506.18,113.57
2026-08-25,187.16,343.34,27.02,514.06,117.41
2026-08-26,181.78,339.1,25.77,515.4,114.83
2026-08-27,190.72,337.71,26.18,525.43,112.39
2026-08-28,178.64,342.88,25.11,508.62,110.6
2026-08-31,188.12,335.41,24.94,511.04,107.99
2026-09-01,176.82,332.03,23.5,500.31,104.63
2026-09-02,174.96,333.78,24.47,501.44,108.35
2026-09-03,192.7,339.08,25.05,502.2,108.66
2026-09-04,184.64,335.31,25.09,519.86,111.38
2026-09-08,178.94,335.38,24.76,528.4,108.24
2026-09-09,174.72,328.38,24.76,532,107.12
2026-09-10,172.28,330.39,23.67,517.43,106.49
2026-09-11,175.26,335.45,23.63,527.07,109.82
2026-09-14,191.45,345.71,22.55,497.4,108.96
2026-09-15,172.11,341.43,22.69,498.85,106.92
2026-09-16,164.51,339.36,22.51,502.06,106.3
2026-09-17,173.97,343.68,23.37,519.1,107.64
2026-09-18,194.25,344.41,23.24,533.07,108.71
2026-09-21,201.05,350.87,23.68,559.34,114.39
